sample_name	dataset_batch
SRR22561278	block_150bp
SRR22548962	block_300bp
X10648	chalasani
SRR14506881	chen
RNA020109_S115	decruyenaere
SAMP165_EXP101_S1_Technical_replicate_1	flomics_1
SAMP4536_EXP188	flomics_2
SRR8526906	giraldez_phospho-rna-seq
SRR8526905	giraldez_standard
SRR8492603	ibarra_buffy_coat
SRR8492715	ibarra_plasma_cancer
SRR8492719	ibarra_plasma_non_cancer
SRR8492779	ibarra_serum
SRR17333087	moufarrej_site_1
SRR17333255	moufarrej_site_2
SRR6481093	ngo
SRR25143498	reggiardo_bioivt
SRR25143506	reggiardo_dls
SRR15618988	roskams_pilot
SRR15619046	roskams_validation
SRR4421394	rozowsky
SRR20968756	sun_2
SRR16575177	tao
SRRISOLATE_3359	toden
SRR24358238	wang
SRR11810070	wei
SRR10822584	zhu
SRR22561277	block_150bp
SRR22548959	block_300bp
X13031	chalasani
SRR14506727	chen
RNA020013_S42	decruyenaere
SAMP166_EXP101_S2_Technical_replicate_2	flomics_1
SAMP4596_EXP189	flomics_2
SRR8526890	giraldez_phospho-rna-seq
SRR8526891	giraldez_standard
SRR8492602	ibarra_buffy_coat
SRR8492713	ibarra_plasma_cancer
SRR8492689	ibarra_plasma_non_cancer
SRR8492802	ibarra_serum
SRR17333086	moufarrej_site_1
SRR17333251	moufarrej_site_2
SRR6481090	ngo
SRR25143504	reggiardo_bioivt
SRR25143511	reggiardo_dls
SRR15619023	roskams_pilot
SRR15619041	roskams_validation
SRR4421350	rozowsky
SRR20968768	sun_2
SRR16575230	tao
SRRISOLATE_17947	toden
SRR24358156	wang
SRR11810040	wei
SRR10822600	zhu
SRR22561276	block_150bp
SRR22548958	block_300bp
X10770	chalasani
SRR14506851	chen
RNA020006_S36	decruyenaere
SAMP168_EXP101_S4_Technical_replicate_4	flomics_1
SAMP6082_EXP243_56	flomics_2
SRR8526882	giraldez_phospho-rna-seq
SRR8526895	giraldez_standard
SRR8492747	ibarra_buffy_coat
SRR8492669	ibarra_plasma_cancer
SRR8492613	ibarra_plasma_non_cancer
SRR8492780	ibarra_serum
SRR17333025	moufarrej_site_1
SRR17333002	moufarrej_site_2
SRR6481089	ngo
SRR25143505	reggiardo_bioivt
SRR25143519	reggiardo_dls
SRR15619033	roskams_pilot
SRR15619036	roskams_validation
SRR4422532	rozowsky
SRR20968782	sun_2
SRR16575229	tao
SRRISOLATE_2534	toden
SRR24358226	wang
SRR11810071	wei
SRR10822577	zhu
SRR22528273	block_150bp
SRR22561273	block_300bp
X13017	chalasani
SRR14506728	chen
RNA020127_S133	decruyenaere
SAMP167_EXP101_S3_Technical_replicate_3	flomics_1
SAMP6749_EXP250_8	flomics_2
SRR8526888	giraldez_phospho-rna-seq
SRR8526889	giraldez_standard
SRR8492605	ibarra_buffy_coat
SRR8492757	ibarra_plasma_cancer
SRR8492545	ibarra_plasma_non_cancer
SRR8492591	ibarra_serum
SRR17333138	moufarrej_site_1
SRR17333256	moufarrej_site_2
SRR6481095	ngo
SRR25143502	reggiardo_bioivt
SRR25143525	reggiardo_dls
SRR15618999	roskams_pilot
SRR15619043	roskams_validation
SRR4421808	rozowsky
SRR20968765	sun_2
SRR16575173	tao
SRRISOLATE_1978	toden
SRR24358237	wang
SRR11809981	wei
SRR10822593	zhu
SRR22561270	block_150bp
SRR22548960	block_300bp
X12687	chalasani
SRR14506659	chen
RNA020007_S37	decruyenaere
SAMP5411_EXP223_37	flomics_2
SRR8526868	giraldez_phospho-rna-seq
SRR8526901	giraldez_standard
SRR8492604	ibarra_buffy_coat
SRR8492753	ibarra_plasma_cancer
SRR8492609	ibarra_plasma_non_cancer
SRR8492685	ibarra_serum
SRR17333028	moufarrej_site_1
SRR17333238	moufarrej_site_2
SRR6481081	ngo
SRR25143501	reggiardo_bioivt
SRR25143514	reggiardo_dls
SRR15619018	roskams_pilot
SRR15619049	roskams_validation
SRR4421836	rozowsky
SRR20968770	sun_2
SRR16575216	tao
SRRISOLATE_2538	toden
SRR24358176	wang
SRR11810041	wei
SRR10822582	zhu
SRR22507564	block_150bp
SRR22561271	block_300bp
X13020	chalasani
SRR14506849	chen
RNA020022_S51	decruyenaere
SAMP4699_EXP192_27	flomics_2
SRR8526892	giraldez_phospho-rna-seq
SRR8526887	giraldez_standard
SRR8492777	ibarra_buffy_coat
SRR8492626	ibarra_plasma_cancer
SRR8492730	ibarra_plasma_non_cancer
SRR8492596	ibarra_serum
SRR17333310	moufarrej_site_1
SRR17333005	moufarrej_site_2
SRR6481083	ngo
SRR25143496	reggiardo_bioivt
SRR25143521	reggiardo_dls
SRR15619003	roskams_pilot
SRR15619037	roskams_validation
SRR4422147	rozowsky
SRR20968778	sun_2
SRR16575232	tao
SRRISOLATE_1944	toden
SRR24358160	wang
SRR11810043	wei
SRR10822598	zhu
SRR22533401	block_150bp
SRR22500469	block_300bp
X12985	chalasani
SRR14506725	chen
RNA020161_S166	decruyenaere
SAMP6549_EXP247_35	flomics_2
SRR8526870	giraldez_phospho-rna-seq
SRR8526893	giraldez_standard
SRR8492606	ibarra_buffy_coat
SRR8492795	ibarra_plasma_cancer
SRR8492569	ibarra_plasma_non_cancer
SRR8492693	ibarra_serum
SRR17333023	moufarrej_site_1
SRR17333254	moufarrej_site_2
SRR6481087	ngo
SRR25143499	reggiardo_bioivt
SRR25143508	reggiardo_dls
SRR15619024	roskams_pilot
SRR15619040	roskams_validation
SRR4422136	rozowsky
SRR20968761	sun_2
SRR16575226	tao
SRRISOLATE_2559	toden
SRR24358182	wang
SRR11810048	wei
SRR10822583	zhu
SRR22548964	block_150bp
SRR22561272	block_300bp
X12882	chalasani
SRR14506667	chen
RNA020009_S39	decruyenaere
SAMP4831_EXP199_17	flomics_2
SRR8526872	giraldez_phospho-rna-seq
SRR8526907	giraldez_standard
SRR8492599	ibarra_buffy_coat
SRR8492700	ibarra_plasma_cancer
SRR8492568	ibarra_plasma_non_cancer
SRR8492734	ibarra_serum
SRR17333045	moufarrej_site_1
SRR17333200	moufarrej_site_2
SRR6481088	ngo
SRR25143497	reggiardo_bioivt
SRR25143524	reggiardo_dls
SRR15619015	roskams_pilot
SRR15619044	roskams_validation
SRR4422656	rozowsky
SRR20968762	sun_2
SRR16575225	tao
SRRISOLATE_2540	toden
SRR24358155	wang
SRR11810047	wei
SRR10822587	zhu
SRR22548965	block_150bp
X12805	chalasani
SRR14506855	chen
RNA020108_S114	decruyenaere
SAMP2781_EXP165	flomics_2
SRR8526866	giraldez_phospho-rna-seq
SRR8526881	giraldez_standard
SRR8492778	ibarra_buffy_coat
SRR8492716	ibarra_plasma_cancer
SRR8492649	ibarra_plasma_non_cancer
SRR8492724	ibarra_serum
SRR17333304	moufarrej_site_1
SRR17333009	moufarrej_site_2
SRR6481094	ngo
SRR25143503	reggiardo_bioivt
SRR25143509	reggiardo_dls
SRR15618997	roskams_pilot
SRR15619047	roskams_validation
SRR4422192	rozowsky
SRR20968772	sun_2
SRR16575191	tao
SRRISOLATE_1888	toden
SRR24358171	wang
SRR11810051	wei
SRR10822594	zhu
SRR22548966	block_150bp
X13043	chalasani
SRR14506882	chen
RNA020005_S35	decruyenaere
SAMP4695_EXP192_23	flomics_2
SRR8526902	giraldez_phospho-rna-seq
SRR8526903	giraldez_standard
SRR8492775	ibarra_buffy_coat
SRR8492746	ibarra_plasma_cancer
SRR8492585	ibarra_plasma_non_cancer
SRR8492769	ibarra_serum
SRR17333080	moufarrej_site_1
SRR17333006	moufarrej_site_2
SRR6481085	ngo
SRR25143500	reggiardo_bioivt
SRR25143518	reggiardo_dls
SRR15618996	roskams_pilot
SRR15619042	roskams_validation
SRR4422210	rozowsky
SRR20968788	sun_2
SRR16575227	tao
SRRISOLATE_1952	toden
SRR24358203	wang
SRR11810057	wei
SRR10822588	zhu
SRR22507567	block_150bp
X12916	chalasani
SRR14506850	chen
RNA020125_S131	decruyenaere
SAMP5385_EXP223_11	flomics_2
SRR8526896	giraldez_phospho-rna-seq
SRR8526885	giraldez_standard
SRR8492601	ibarra_buffy_coat
SRR8492739	ibarra_plasma_cancer
SRR8492728	ibarra_plasma_non_cancer
SRR8492687	ibarra_serum
SRR17333224	moufarrej_site_1
SRR17333262	moufarrej_site_2
SRR6481086	ngo
SRR25143522	reggiardo_dls
SRR15618991	roskams_pilot
SRR15619054	roskams_validation
SRR4422692	rozowsky
SRR20968750	sun_2
SRR16575213	tao
SRRISOLATE_11382	toden
SRR24358202	wang
SRR11810042	wei
SRR10822597	zhu
SRR22533400	block_150bp
X13036	chalasani
SRR14506664	chen
RNA020168_S173	decruyenaere
SAMP5656_EXP228_35	flomics_2
SRR8526908	giraldez_phospho-rna-seq
SRR8526883	giraldez_standard
SRR8492776	ibarra_buffy_coat
SRR8492696	ibarra_plasma_cancer
SRR8492645	ibarra_plasma_non_cancer
SRR8492725	ibarra_serum
SRR17333293	moufarrej_site_1
SRR17333267	moufarrej_site_2
SRR6481091	ngo
SRR25143512	reggiardo_dls
SRR15619008	roskams_pilot
SRR15619056	roskams_validation
SRR4422592	rozowsky
SRR20968777	sun_2
SRR16575267	tao
SRRISOLATE_11346	toden
SRR24358174	wang
SRR11809985	wei
SRR10822585	zhu
SRR22528274	block_150bp
X12981	chalasani
SRR14506661	chen
RNA020000_S32	decruyenaere
SAMP5290_EXP216_40	flomics_2
SRR8526886	giraldez_phospho-rna-seq
SRR8526871	giraldez_standard
SRR8492600	ibarra_buffy_coat
SRR8492784	ibarra_plasma_cancer
SRR8492574	ibarra_plasma_non_cancer
SRR8492595	ibarra_serum
SRR17333142	moufarrej_site_1
SRR17333202	moufarrej_site_2
SRR6481084	ngo
SRR25143517	reggiardo_dls
SRR15618986	roskams_pilot
SRR15619065	roskams_validation
SRR4422344	rozowsky
SRR20968797	sun_2
SRR16575181	tao
SRRISOLATE_11330	toden
SRR24358195	wang
SRR11810046	wei
SRR10822586	zhu
SRR22507565	block_150bp
X13027	chalasani
SRR14506866	chen
RNA020123_S129	decruyenaere
SAMP6066_EXP243_40	flomics_2
SRR8526874	giraldez_phospho-rna-seq
SRR8526879	giraldez_standard
SRR8492598	ibarra_buffy_coat
SRR8492751	ibarra_plasma_cancer
SRR8492549	ibarra_plasma_non_cancer
SRR8492637	ibarra_serum
SRR17333146	moufarrej_site_1
SRR17333197	moufarrej_site_2
SRR6481082	ngo
SRR25143526	reggiardo_dls
SRR15619012	roskams_pilot
SRR15619045	roskams_validation
SRR4421779	rozowsky
SRR20968793	sun_2
SRR16575217	tao
SRRISOLATE_1920	toden
SRR24358194	wang
SRR11810005	wei
SRR10822562	zhu
SRR22507563	block_150bp
X13103	chalasani
SRR14506845	chen
RNA020122_S128	decruyenaere
SAMP4818_EXP199_4	flomics_2
SRR8526900	giraldez_phospho-rna-seq
SRR8526877	giraldez_standard
SRR8492773	ibarra_buffy_coat
SRR8492664	ibarra_plasma_cancer
SRR8492546	ibarra_plasma_non_cancer
SRR8492691	ibarra_serum
SRR17333022	moufarrej_site_1
SRR17333268	moufarrej_site_2
SRR6481092	ngo
SRR25143507	reggiardo_dls
SRR15619014	roskams_pilot
SRR15619057	roskams_validation
SRR4421817	rozowsky
SRR20968760	sun_2
SRR16575252	tao
SRRISOLATE_2570	toden
SRR24358163	wang
SRR11810031	wei
SRR10822578	zhu
SRR22561274	block_150bp
X13026	chalasani
SRR14506805	chen
RNA020171_S175	decruyenaere
SAMP2646_EXP154	flomics_2
SRR8526876	giraldez_phospho-rna-seq
SRR8526897	giraldez_standard
SRR8492774	ibarra_buffy_coat
SRR8492750	ibarra_plasma_cancer
SRR8492646	ibarra_plasma_non_cancer
SRR8492562	ibarra_serum
SRR17333036	moufarrej_site_1
SRR17332994	moufarrej_site_2
SRR25143515	reggiardo_dls
SRR15619001	roskams_pilot
SRR15619066	roskams_validation
SRR4422666	rozowsky
SRR20968766	sun_2
SRR16575158	tao
SRRISOLATE_11354	toden
SRR24358161	wang
SRR11810059	wei
SRR10822576	zhu
SRR22507566	block_150bp
X14910	chalasani
SRR14506854	chen
RNA020015_S44	decruyenaere
SAMP4603_EXP189	flomics_2
SRR8526894	giraldez_phospho-rna-seq
SRR8526899	giraldez_standard
SRR8492597	ibarra_buffy_coat
SRR8492796	ibarra_plasma_cancer
SRR8492567	ibarra_plasma_non_cancer
SRR8492658	ibarra_serum
SRR17333050	moufarrej_site_1
SRR17333257	moufarrej_site_2
SRR25143523	reggiardo_dls
SRR15619019	roskams_pilot
SRR15619072	roskams_validation
SRR4422381	rozowsky
SRR20968794	sun_2
SRR16575183	tao
SRRISOLATE_1894	toden
SRR24358157	wang
SRR11810013	wei
SRR10822601	zhu
SRR22533399	block_150bp
X14907	chalasani
SRR14506791	chen
RNA020012_S41	decruyenaere
SAMP6766_EXP250_25	flomics_2
SRR8526904	giraldez_phospho-rna-seq
SRR8526875	giraldez_standard
SRR8492772	ibarra_buffy_coat
SRR8492752	ibarra_plasma_cancer
SRR8492642	ibarra_plasma_non_cancer
SRR8492803	ibarra_serum
SRR17333085	moufarrej_site_1
SRR17332999	moufarrej_site_2
SRR25143520	reggiardo_dls
SRR15619025	roskams_pilot
SRR15619038	roskams_validation
SRR4422346	rozowsky
SRR20968763	sun_2
SRR16575264	tao
SRRISOLATE_3243	toden
SRR24358185	wang
SRR11810015	wei
SRR10822592	zhu
SRR22561275	block_150bp
X13079	chalasani
SRR14506684	chen
RNA019978_S11	decruyenaere
SAMP2456_EXP148_16	flomics_2
SRR8526880	giraldez_phospho-rna-seq
SRR8526869	giraldez_standard
SRR8492823	ibarra_buffy_coat
SRR8492754	ibarra_plasma_cancer
SRR8492788	ibarra_plasma_non_cancer
SRR8492563	ibarra_serum
SRR17333021	moufarrej_site_1
SRR17333191	moufarrej_site_2
SRR25143510	reggiardo_dls
SRR15619034	roskams_pilot
SRR15619048	roskams_validation
SRR4422373	rozowsky
SRR20968799	sun_2
SRR16575194	tao
SRRISOLATE_17950	toden
SRR24358172	wang
SRR11810052	wei
SRR10822596	zhu
SRR22548961	block_150bp
X13028	chalasani
SRR14506875	chen
RNA019984_S17	decruyenaere
SAMP847_EXP140_8_CTR1315	flomics_2
SRR8526884	giraldez_phospho-rna-seq
SRR8526865	giraldez_standard
SRR8492820	ibarra_buffy_coat
SRR8492675	ibarra_plasma_cancer
SRR8492551	ibarra_plasma_non_cancer
SRR8492640	ibarra_serum
SRR17333291	moufarrej_site_1
SRR17333185	moufarrej_site_2
SRR25143513	reggiardo_dls
SRR15618998	roskams_pilot
SRR15619061	roskams_validation
SRR4421678	rozowsky
SRR20968796	sun_2
SRR16575202	tao
SRRISOLATE_2569	toden
SRR24358199	wang
SRR11810011	wei
SRR10822595	zhu
SRR22548963	block_150bp
X14869	chalasani
SRR14506666	chen
RNA019981_S14	decruyenaere
SAMP2779_EXP165	flomics_2
SRR8526898	giraldez_phospho-rna-seq
SRR8526867	giraldez_standard
SRR8492821	ibarra_buffy_coat
SRR8492712	ibarra_plasma_cancer
SRR8492566	ibarra_plasma_non_cancer
SRR8492577	ibarra_serum
SRR17333139	moufarrej_site_1
SRR17333281	moufarrej_site_2
SRR25143516	reggiardo_dls
SRR15619006	roskams_pilot
SRR15619059	roskams_validation
SRR4421789	rozowsky
SRR20968790	sun_2
SRR16575196	tao
SRRISOLATE_17922	toden
SRR24358200	wang
SRR11810049	wei
SRR10822590	zhu
X12971	chalasani
SRR14506665	chen
RNA020011_S40	decruyenaere
SAMP6050_EXP243_24	flomics_2
SRR8526878	giraldez_phospho-rna-seq
SRR8526873	giraldez_standard
SRR8492572	ibarra_buffy_coat
SRR8492682	ibarra_plasma_cancer
SRR8492614	ibarra_plasma_non_cancer
SRR8492634	ibarra_serum
SRR17333048	moufarrej_site_1
SRR17333190	moufarrej_site_2
SRR25143527	reggiardo_dls
SRR15618992	roskams_pilot
SRR15619069	roskams_validation
SRR4422098	rozowsky
SRR20968774	sun_2
SRR16575209	tao
SRRISOLATE_1940	toden
SRR24358162	wang
SRR11809976	wei
SRR10822579	zhu
X13014	chalasani
SRR14506847	chen
RNA020136_S141	decruyenaere
SAMP6516_EXP247_2	flomics_2
SRR8492822	ibarra_buffy_coat
SRR8492617	ibarra_plasma_cancer
SRR8492660	ibarra_plasma_non_cancer
SRR8492610	ibarra_serum
SRR17333119	moufarrej_site_1
SRR17333013	moufarrej_site_2
SRR15619020	roskams_pilot
SRR15619050	roskams_validation
SRR4422402	rozowsky
SRR20968779	sun_2
SRR16575171	tao
SRRISOLATE_2560	toden
SRR24358175	wang
SRR11810028	wei
SRR10822575	zhu
X13021	chalasani
SRR14506698	chen
RNA019977_S10	decruyenaere
SAMP5674_EXP228_53	flomics_2
SRR8492571	ibarra_buffy_coat
SRR8492749	ibarra_plasma_cancer
SRR8492692	ibarra_plasma_non_cancer
SRR8492576	ibarra_serum
SRR17333020	moufarrej_site_1
SRR17333236	moufarrej_site_2
SRR15618985	roskams_pilot
SRR15619058	roskams_validation
SRR4422347	rozowsky
SRR20968767	sun_2
SRR16575192	tao
SRRISOLATE_2556	toden
SRR24358179	wang
SRR11809984	wei
SRR10822603	zhu
X13008	chalasani
SRR14506662	chen
RNA020028_S57	decruyenaere
SAMP5655_EXP228_34	flomics_2
SRR8492578	ibarra_buffy_coat
SRR8492705	ibarra_plasma_cancer
SRR8492827	ibarra_plasma_non_cancer
SRR8492742	ibarra_serum
SRR17333303	moufarrej_site_1
SRR17333280	moufarrej_site_2
SRR15618987	roskams_pilot
SRR15619063	roskams_validation
SRR4421429	rozowsky
SRR20968744	sun_2
SRR16575235	tao
SRRISOLATE_1958	toden
SRR24358173	wang
SRR11810038	wei
SRR10822599	zhu
X12991	chalasani
SRR14506848	chen
RNA020107_S113	decruyenaere
SAMP5661_EXP228_40	flomics_2
SRR8492708	ibarra_buffy_coat
SRR8492755	ibarra_plasma_cancer
SRR8492789	ibarra_plasma_non_cancer
SRR8492630	ibarra_serum
SRR17333143	moufarrej_site_1
SRR17333266	moufarrej_site_2
SRR15618990	roskams_pilot
SRR15619060	roskams_validation
SRR4422152	rozowsky
SRR20968773	sun_2
SRR16575246	tao
SRRISOLATE_1946	toden
SRR24358205	wang
SRR11810053	wei
SRR10822581	zhu
X13007	chalasani
SRR14506815	chen
RNA019999_S31	decruyenaere
SAMP2705_EXP159	flomics_2
SRR8492570	ibarra_buffy_coat
SRR8492791	ibarra_plasma_cancer
SRR8492672	ibarra_plasma_non_cancer
SRR8492629	ibarra_serum
SRR17333329	moufarrej_site_1
SRR17333010	moufarrej_site_2
SRR15618993	roskams_pilot
SRR15619068	roskams_validation
SRR4422204	rozowsky
SRR20968776	sun_2
SRR16575249	tao
SRRISOLATE_2566	toden
SRR24358177	wang
SRR11810027	wei
SRR10822604	zhu
X12996	chalasani
SRR14506856	chen
RNA020170_S174	decruyenaere
SAMP6542_EXP247_28	flomics_2
SRR8492706	ibarra_buffy_coat
SRR8492676	ibarra_plasma_cancer
SRR8492721	ibarra_plasma_non_cancer
SRR8492810	ibarra_serum
SRR17333035	moufarrej_site_1
SRR17333209	moufarrej_site_2
SRR15619005	roskams_pilot
SRR15619052	roskams_validation
SRR4422106	rozowsky
SRR20968791	sun_2
SRR16575195	tao
SRRISOLATE_2563	toden
SRR24358165	wang
SRR11810060	wei
SRR10822573	zhu
X12994	chalasani
SRR14506846	chen
RNA020113_S119	decruyenaere
SAMP6799_EXP250_58	flomics_2
SRR8492805	ibarra_plasma_cancer
SRR8492792	ibarra_plasma_non_cancer
SRR8492758	ibarra_serum
SRR17333042	moufarrej_site_1
SRR17333260	moufarrej_site_2
SRR15619007	roskams_pilot
SRR15619062	roskams_validation
SRR4421313	rozowsky
SRR20968786	sun_2
SRR16575147	tao
SRRISOLATE_2555	toden
SRR24358159	wang
SRR11810044	wei
SRR10822589	zhu
X13009	chalasani
SRR14506825	chen
RNA019980_S13	decruyenaere
SAMP3049_EXP172	flomics_2
SRR8492657	ibarra_plasma_cancer
SRR8492554	ibarra_plasma_non_cancer
SRR8492767	ibarra_serum
SRR17333218	moufarrej_site_1
SRR17333244	moufarrej_site_2
SRR15619032	roskams_pilot
SRR15619064	roskams_validation
SRR4421886	rozowsky
SRR20968787	sun_2
SRR16575162	tao
SRRISOLATE_11358	toden
SRR24358192	wang
SRR11810045	wei
SRR10822542	zhu
X13003	chalasani
SRR14506883	chen
RNA020164_S169	decruyenaere
SAMP3020_EXP172	flomics_2
SRR8492756	ibarra_plasma_cancer
SRR8492620	ibarra_plasma_non_cancer
SRR8492726	ibarra_serum
SRR17333019	moufarrej_site_1
SRR17332995	moufarrej_site_2
SRR15618995	roskams_pilot
SRR15619039	roskams_validation
SRR4422380	rozowsky
SRR20968751	sun_2
SRR16575263	tao
SRRISOLATE_2551	toden
SRR24358197	wang
SRR11810055	wei
SRR10822591	zhu
X12957	chalasani
SRR14506884	chen
RNA019993_S26	decruyenaere
SAMP2757_EXP165	flomics_2
SRR8492714	ibarra_plasma_cancer
SRR8492584	ibarra_plasma_non_cancer
SRR8492815	ibarra_serum
SRR17333047	moufarrej_site_1
SRR17333277	moufarrej_site_2
SRR15619028	roskams_pilot
SRR15619067	roskams_validation
SRR4421597	rozowsky
SRR20968757	sun_2
SRR16575221	tao
SRRISOLATE_11338	toden
SRR24358158	wang
SRR11810061	wei
SRR10822545	zhu
X12965	chalasani
SRR14506858	chen
RNA019992_S25	decruyenaere
SAMP3132_EXP176	flomics_2
SRR8492797	ibarra_plasma_cancer
SRR8492621	ibarra_plasma_non_cancer
SRR8492579	ibarra_serum
SRR17333327	moufarrej_site_1
SRR17333193	moufarrej_site_2
SRR15619010	roskams_pilot
SRR15619055	roskams_validation
SRR4422282	rozowsky
SRR20968784	sun_2
SRR16575241	tao
SRRISOLATE_2527	toden
SRR24358201	wang
SRR11810018	wei
SRR10822602	zhu
X13002	chalasani
SRR14506663	chen
RNA020119_S125	decruyenaere
SAMP2745_EXP161	flomics_2
SRR8492701	ibarra_plasma_cancer
SRR8492553	ibarra_plasma_non_cancer
SRR8492686	ibarra_serum
SRR17333044	moufarrej_site_1
SRR17333182	moufarrej_site_2
SRR15619030	roskams_pilot
SRR15619073	roskams_validation
SRR4421334	rozowsky
SRR20968789	sun_2
SRR16575176	tao
SRRISOLATE_11310	toden
SRR24358166	wang
SRR11810029	wei
SRR10822574	zhu
X13136	chalasani
SRR14506852	chen
RNA020124_S130	decruyenaere
SAMP6555_EXP247_41	flomics_2
SRR8492786	ibarra_plasma_cancer
SRR8492587	ibarra_plasma_non_cancer
SRR8492573	ibarra_serum
SRR17333320	moufarrej_site_1
SRR17333000	moufarrej_site_2
SRR15618994	roskams_pilot
SRR15619070	roskams_validation
SRR4421845	rozowsky
SRR20968759	sun_2
SRR16575193	tao
SRRISOLATE_2533	toden
SRR24358167	wang
SRR11809979	wei
SRR10822580	zhu
X13129	chalasani
SRR14506857	chen
RNA019998_S30	decruyenaere
SAMP5272_EXP216_22	flomics_2
SRR8492748	ibarra_plasma_cancer
SRR8492723	ibarra_plasma_non_cancer
SRR8492790	ibarra_serum
SRR17333316	moufarrej_site_1
SRR17333249	moufarrej_site_2
SRR15618984	roskams_pilot
SRR15619053	roskams_validation
SRR4421842	rozowsky
SRR20968743	sun_2
SRR16575239	tao
SRRISOLATE_17938	toden
SRR24358220	wang
SRR11810058	wei
SRR10822570	zhu
X13096	chalasani
SRR14506687	chen
RNA020081_S99	decruyenaere
SAMP6576_EXP248_12	flomics_2
SRR8492737	ibarra_plasma_cancer
SRR8492644	ibarra_plasma_non_cancer
SRR8492807	ibarra_serum
SRR17333292	moufarrej_site_1
SRR17333275	moufarrej_site_2
SRR15619011	roskams_pilot
SRR15619035	roskams_validation
SRR4421946	rozowsky
SRR20968742	sun_2
SRR16575168	tao
SRRISOLATE_2552	toden
SRR24358219	wang
SRR11810054	wei
SRR10822553	zhu
X12982	chalasani
SRR14506824	chen
RNA020025_S54	decruyenaere
SAMP2778_EXP165	flomics_2
SRR8492697	ibarra_plasma_cancer
SRR8492743	ibarra_plasma_non_cancer
SRR8492690	ibarra_serum
SRR17333083	moufarrej_site_1
SRR17333265	moufarrej_site_2
SRR15619016	roskams_pilot
SRR15619051	roskams_validation
SRR4422046	rozowsky
SRR20968771	sun_2
SRR16575269	tao
SRRISOLATE_17948	toden
SRR24358221	wang
SRR11810033	wei
SRR10822541	zhu
X12949	chalasani
SRR14506789	chen
RNA020111_S117	decruyenaere
SAMP6754_EXP250_13	flomics_2
SRR8492679	ibarra_plasma_cancer
SRR8492817	ibarra_plasma_non_cancer
SRR8492575	ibarra_serum
SRR17333051	moufarrej_site_1
SRR17333261	moufarrej_site_2
SRR15619027	roskams_pilot
SRR15619071	roskams_validation
SRR4421786	rozowsky
SRR20968754	sun_2
SRR16575211	tao
SRRISOLATE_11350	toden
SRR24358168	wang
SRR11809978	wei
SRR10822571	zhu
X12806	chalasani
SRR14506828	chen
RNA020165_S170	decruyenaere
SAMP2758_EXP165	flomics_2
SRR8492793	ibarra_plasma_cancer
SRR8492643	ibarra_plasma_non_cancer
SRR8492608	ibarra_serum
SRR17333032	moufarrej_site_1
SRR17333269	moufarrej_site_2
SRR15619013	roskams_pilot
SRR4421747	rozowsky
SRR20968780	sun_2
SRR16575198	tao
SRRISOLATE_11298	toden
SRR24358178	wang
SRR11810064	wei
SRR10822561	zhu
X14903	chalasani
SRR14506877	chen
RNA020008_S38	decruyenaere
SAMP3483_EXP185	flomics_2
SRR8492762	ibarra_plasma_cancer
SRR8492816	ibarra_plasma_non_cancer
SRR8492616	ibarra_serum
SRR17333024	moufarrej_site_1
SRR17333004	moufarrej_site_2
SRR15619009	roskams_pilot
SRR4421868	rozowsky
SRR20968747	sun_2
SRR16575245	tao
SRRISOLATE_17951	toden
SRR24358180	wang
SRR11809980	wei
SRR10822572	zhu
X12990	chalasani
SRR14506829	chen
RNA020159_S164	decruyenaere
SAMP3013_EXP171	flomics_2
SRR8492565	ibarra_plasma_cancer
SRR8492582	ibarra_plasma_non_cancer
SRR8492612	ibarra_serum
SRR17333222	moufarrej_site_1
SRR17333279	moufarrej_site_2
SRR15619002	roskams_pilot
SRR4422216	rozowsky
SRR20968764	sun_2
SRR16575178	tao
SRRISOLATE_17933	toden
SRR24358196	wang
SRR11810006	wei
SRR10822540	zhu
X12952	chalasani
SRR14506806	chen
RNA019994_S27	decruyenaere
SAMP6773_EXP250_32	flomics_2
SRR8492732	ibarra_plasma_cancer
SRR8492674	ibarra_plasma_non_cancer
SRR8492812	ibarra_serum
SRR17333324	moufarrej_site_1
SRR17333199	moufarrej_site_2
SRR15619021	roskams_pilot
SRR4421567	rozowsky
SRR20968775	sun_2
SRR16575174	tao
SRRISOLATE_5651	toden
SRR24358198	wang
SRR11810056	wei
SRR10822552	zhu
X14902	chalasani
SRR14506868	chen
RNA020134_S139	decruyenaere
SAMP3131_EXP176	flomics_2
SRR8492611	ibarra_plasma_cancer
SRR8492583	ibarra_plasma_non_cancer
SRR8492547	ibarra_serum
SRR17333220	moufarrej_site_1
SRR17333271	moufarrej_site_2
SRR15619031	roskams_pilot
SRR4422292	rozowsky
SRR20968745	sun_2
SRR16575265	tao
SRRISOLATE_5784	toden
SRR24358184	wang
SRR11809977	wei
SRR10822550	zhu
X12983	chalasani
SRR14506826	chen
RNA020172_S176	decruyenaere
SAMP3392_EXP180_28	flomics_2
SRR8492636	ibarra_plasma_cancer
SRR8492641	ibarra_plasma_non_cancer
SRR8492561	ibarra_serum
SRR17333225	moufarrej_site_1
SRR17333278	moufarrej_site_2
SRR15619004	roskams_pilot
SRR4422217	rozowsky
SRR20968748	sun_2
SRR16575266	tao
SRRISOLATE_11226	toden
SRR24358183	wang
SRR11810034	wei
SRR10822544	zhu
X12962	chalasani
SRR14506860	chen
RNA020121_S127	decruyenaere
SAMP3014_EXP171	flomics_2
SRR8492759	ibarra_plasma_cancer
SRR8492722	ibarra_plasma_non_cancer
SRR8492813	ibarra_serum
SRR17333079	moufarrej_site_1
SRR17333272	moufarrej_site_2
SRR15618989	roskams_pilot
SRR4422571	rozowsky
SRR20968755	sun_2
SRR16575251	tao
SRRISOLATE_11194	toden
SRR24358164	wang
SRR11810004	wei
SRR10822560	zhu
X12899	chalasani
SRR14506751	chen
RNA019997_S29	decruyenaere
SAMP6804_EXP250_63	flomics_2
SRR8492681	ibarra_plasma_cancer
SRR8492673	ibarra_plasma_non_cancer
SRR8492557	ibarra_serum
SRR17333299	moufarrej_site_1
SRR17333007	moufarrej_site_2
SRR15619022	roskams_pilot
SRR4421566	rozowsky
SRR20968746	sun_2
SRR16575148	tao
SRRISOLATE_5683	toden
SRR24358181	wang
SRR11810012	wei
SRR10822548	zhu
X14911	chalasani
SRR14506844	chen
RNA020126_S132	decruyenaere
SAMP2747_EXP161	flomics_2
SRR8492745	ibarra_plasma_cancer
SRR8492622	ibarra_plasma_non_cancer
SRR8492615	ibarra_serum
SRR17333082	moufarrej_site_1
SRR17333235	moufarrej_site_2
SRR15619000	roskams_pilot
SRR4421468	rozowsky
SRR20968752	sun_2
SRR16575146	tao
SRRISOLATE_2517	toden
SRR24358169	wang
SRR11810026	wei
SRR10822549	zhu
X12966	chalasani
SRR14506859	chen
RNA020112_S118	decruyenaere
SAMP2681_EXP157	flomics_2
SRR8492653	ibarra_plasma_cancer
SRR8492818	ibarra_plasma_non_cancer
SRR8492560	ibarra_serum
SRR17333379	moufarrej_site_1
SRR17333203	moufarrej_site_2
SRR15619029	roskams_pilot
SRR4421506	rozowsky
SRR20968781	sun_2
SRR16575268	tao
SRRISOLATE_11198	toden
SRR24358230	wang
SRR11810050	wei
SRR10822563	zhu
X12852	chalasani
SRR14506853	chen
RNA020029_S58	decruyenaere
SAMP3019_EXP172	flomics_2
SRR8492738	ibarra_plasma_cancer
SRR8492825	ibarra_plasma_non_cancer
SRR8492804	ibarra_serum
SRR17333039	moufarrej_site_1
SRR17333011	moufarrej_site_2
SRR15619026	roskams_pilot
SRR4422379	rozowsky
SRR20968749	sun_2
SRR16575247	tao
SRRISOLATE_17940	toden
SRR24358231	wang
SRR11810016	wei
SRR10822568	zhu
X13025	chalasani
SRR14506808	chen
RNA020014_S43	decruyenaere
SAMP6570_EXP248_6	flomics_2
SRR8492729	ibarra_plasma_cancer
SRR8492548	ibarra_plasma_non_cancer
SRR8492588	ibarra_serum
SRR17333221	moufarrej_site_1
SRR17333243	moufarrej_site_2
SRR15619017	roskams_pilot
SRR4421528	rozowsky
SRR20968792	sun_2
SRR16575220	tao
SRRISOLATE_1962	toden
SRR24358229	wang
SRR11810066	wei
SRR10822557	zhu
X14913	chalasani
SRR14506710	chen
RNA020026_S55	decruyenaere
SAMP2987_EXP171	flomics_2
SRR8492741	ibarra_plasma_cancer
SRR8492552	ibarra_plasma_non_cancer
SRR8492811	ibarra_serum
SRR17333029	moufarrej_site_1
SRR17333003	moufarrej_site_2
SRR4421846	rozowsky
SRR20968753	sun_2
SRR16575175	tao
SRRISOLATE_11218	toden
SRR24358170	wang
SRR11810020	wei
SRR10822547	zhu
X13001	chalasani
SRR14506750	chen
RNA020142_S147	decruyenaere
SRR8492670	ibarra_plasma_cancer
SRR8492590	ibarra_plasma_non_cancer
SRR8492558	ibarra_serum
SRR17333043	moufarrej_site_1
SRR17333258	moufarrej_site_2
SRR4422587	rozowsky
SRR20968769	sun_2
SRR16575207	tao
SRRISOLATE_17946	toden
SRR24358186	wang
SRR11810019	wei
SRR10822565	zhu
X12902	chalasani
SRR14506744	chen
RNA020030_S59	decruyenaere
SRR8492785	ibarra_plasma_cancer
SRR8492589	ibarra_plasma_non_cancer
SRR8492814	ibarra_serum
SRR17333297	moufarrej_site_1
SRR17333208	moufarrej_site_2
SRR4421809	rozowsky
SRR20968758	sun_2
SRR16575200	tao
SRRISOLATE_11290	toden
SRR24358188	wang
SRR11810032	wei
SRR10822558	zhu
X12864	chalasani
SRR14506843	chen
RNA019983_S16	decruyenaere
SRR8492794	ibarra_plasma_cancer
SRR8492727	ibarra_plasma_non_cancer
SRR8492592	ibarra_serum
SRR17333145	moufarrej_site_1
SRR17332998	moufarrej_site_2
SRR4421449	rozowsky
SRR20968795	sun_2
SRR16575212	tao
SRRISOLATE_11178	toden
SRR24358187	wang
SRR11810022	wei
SRR10822546	zhu
X12910	chalasani
SRR14506729	chen
RNA020114_S120	decruyenaere
SRR8492638	ibarra_plasma_cancer
SRR8492819	ibarra_plasma_non_cancer
SRR8492628	ibarra_serum
SRR17333378	moufarrej_site_1
SRR17333198	moufarrej_site_2
SRR4421826	rozowsky
SRR20968785	sun_2
SRR16575228	tao
SRRISOLATE_17927	toden
SRR24358190	wang
SRR11810024	wei
SRR10822569	zhu
X13035	chalasani
SRR14506755	chen
RNA020016_S45	decruyenaere
SRR8492735	ibarra_plasma_cancer
SRR8492627	ibarra_plasma_non_cancer
SRR8492808	ibarra_serum
SRR17333089	moufarrej_site_1
SRR17333273	moufarrej_site_2
SRR4421667	rozowsky
SRR20968783	sun_2
SRR16575167	tao
SRRISOLATE_5654	toden
SRR24358189	wang
SRR11810039	wei
SRR10822567	zhu
X12935	chalasani
SRR14506872	chen
RNA020184_S187	decruyenaere
SRR8492704	ibarra_plasma_cancer
SRR8492824	ibarra_plasma_non_cancer
SRR8492768	ibarra_serum
SRR17333318	moufarrej_site_1
SRR17333259	moufarrej_site_2
SRR4421568	rozowsky
SRR20968798	sun_2
SRR16575190	tao
SRRISOLATE_17953	toden
SRR24358191	wang
SRR11810067	wei
SRR10822564	zhu
X13086	chalasani
SRR14506876	chen
RNA020175_S178	decruyenaere
SRR8492710	ibarra_plasma_cancer
SRR8492707	ibarra_plasma_non_cancer
SRR8492740	ibarra_serum
SRR17333392	moufarrej_site_1
SRR17333188	moufarrej_site_2
SRR4421668	rozowsky
SRR16575208	tao
SRRISOLATE_11202	toden
SRR11809982	wei
SRR10822566	zhu
X14905	chalasani
SRR14506695	chen
RNA020133_S138	decruyenaere
SRR8492655	ibarra_plasma_cancer
SRR8492639	ibarra_plasma_non_cancer
SRR8492806	ibarra_serum
SRR17333298	moufarrej_site_1
SRR17333239	moufarrej_site_2
SRR4421395	rozowsky
SRR16575159	tao
SRRISOLATE_17937	toden
SRR11810068	wei
SRR10822543	zhu
X12986	chalasani
SRR14506717	chen
RNA019986_S19	decruyenaere
SRR8492718	ibarra_plasma_cancer
SRR8492580	ibarra_plasma_non_cancer
SRR8492766	ibarra_serum
SRR17333108	moufarrej_site_1
SRR17333196	moufarrej_site_2
SRR4421529	rozowsky
SRR16575205	tao
SRRISOLATE_1960	toden
SRR11810063	wei
SRR10822559	zhu
X14915	chalasani
SRR14506702	chen
RNA020023_S52	decruyenaere
SRR8492607	ibarra_plasma_cancer
SRR8492619	ibarra_plasma_non_cancer
SRR8492556	ibarra_serum
SRR17333040	moufarrej_site_1
SRR17333001	moufarrej_site_2
SRR4422153	rozowsky
SRR16575172	tao
SRRISOLATE_17949	toden
SRR11810025	wei
SRR10822555	zhu
X13004	chalasani
SRR14506678	chen
RNA020120_S126	decruyenaere
SRR8492720	ibarra_plasma_cancer
SRR8492647	ibarra_plasma_non_cancer
SRR8492781	ibarra_serum
SRR17333031	moufarrej_site_1
SRR17333276	moufarrej_site_2
SRR4421756	rozowsky
SRR16575210	tao
SRRISOLATE_11230	toden
SRR11810008	wei
SRR10822554	zhu
X12887	chalasani
SRR14506782	chen
RNA019969_S2	decruyenaere
SRR8492702	ibarra_plasma_cancer
SRR8492581	ibarra_plasma_non_cancer
SRR8492771	ibarra_serum
SRR17333037	moufarrej_site_1
SRR17333240	moufarrej_site_2
SRR4422625	rozowsky
SRR16575237	tao
SRRISOLATE_5767	toden
SRR11810062	wei
SRR10822551	zhu
X13023	chalasani
SRR14506691	chen
RNA020102_S111	decruyenaere
SRR8492783	ibarra_plasma_cancer
SRR8492624	ibarra_plasma_non_cancer
SRR8492559	ibarra_serum
SRR17333380	moufarrej_site_1
SRR17333253	moufarrej_site_2
SRR4421790	rozowsky
SRR16575143	tao
SRRISOLATE_3225	toden
SRR11810023	wei
SRR10822556	zhu
X12930	chalasani
SRR14506813	chen
RNA020183_S186	decruyenaere
SRR8492698	ibarra_plasma_cancer
SRR8492586	ibarra_plasma_non_cancer
SRR8492764	ibarra_serum
SRR17333150	moufarrej_site_1
SRR17333012	moufarrej_site_2
SRR4421966	rozowsky
SRR16575244	tao
SRRISOLATE_2513	toden
SRR11810036	wei
X12992	chalasani
SRR14506694	chen
RNA020076_S96	decruyenaere
SRR8492763	ibarra_plasma_cancer
SRR8492650	ibarra_plasma_non_cancer
SRR8492635	ibarra_serum
SRR17333018	moufarrej_site_1
SRR17333186	moufarrej_site_2
SRR4421314	rozowsky
SRR16575256	tao
SRRISOLATE_11238	toden
SRR11810035	wei
X12918	chalasani
SRR14506794	chen
RNA019974_S7	decruyenaere
SRR8492652	ibarra_plasma_cancer
SRR8492623	ibarra_plasma_non_cancer
SRR8492631	ibarra_serum
SRR17333046	moufarrej_site_1
SRR17333187	moufarrej_site_2
SRR4422588	rozowsky
SRR16575214	tao
SRRISOLATE_11222	toden
SRR11810007	wei
X12984	chalasani
SRR14506724	chen
RNA020152_S157	decruyenaere
SRR8492564	ibarra_plasma_cancer
SRR8492625	ibarra_plasma_non_cancer
SRR8492661	ibarra_serum
SRR17333041	moufarrej_site_1
SRR17333234	moufarrej_site_2
SRR4422184	rozowsky
SRR16575170	tao
SRRISOLATE_2537	toden
SRR11810037	wei
X12912	chalasani
SRR14506819	chen
RNA020021_S50	decruyenaere
SRR8492717	ibarra_plasma_cancer
SRR8492550	ibarra_plasma_non_cancer
SRR8492770	ibarra_serum
SRR17333088	moufarrej_site_1
SRR17333207	moufarrej_site_2
SRR4421758	rozowsky
SRR16575197	tao
SRRISOLATE_11174	toden
SRR11810003	wei
X13010	chalasani
SRR14506692	chen
RNA020063_S86	decruyenaere
SRR8492662	ibarra_plasma_cancer
SRR8492555	ibarra_plasma_non_cancer
SRR8503215	ibarra_serum
SRR17333141	moufarrej_site_1
SRR17333194	moufarrej_site_2
SRR4422207	rozowsky
SRR16575169	tao
SRRISOLATE_17934	toden
SRR11810065	wei
X14917	chalasani
SRR14506660	chen
RNA020163_S168	decruyenaere
SRR8492736	ibarra_plasma_cancer
SRR8492648	ibarra_plasma_non_cancer
SRR8492594	ibarra_serum
SRR17333296	moufarrej_site_1
SRR17333204	moufarrej_site_2
SRR4422293	rozowsky
SRR16575224	tao
SRRISOLATE_2504	toden
SRR11810010	wei
X14916	chalasani
SRR14506719	chen
RNA020176_S179	decruyenaere
SRR8492683	ibarra_plasma_cancer
SRR8492618	ibarra_plasma_non_cancer
SRR8502431	ibarra_serum
SRR17333030	moufarrej_site_1
SRR17333242	moufarrej_site_2
SRR4422603	rozowsky
SRR16575201	tao
SRRISOLATE_2577	toden
SRR11810009	wei
X12960	chalasani
SRR14506865	chen
RNA020044_S70	decruyenaere
SRR8492666	ibarra_plasma_cancer
SRR8502432	ibarra_serum
SRR17333383	moufarrej_site_1
SRR17333201	moufarrej_site_2
SRR4421928	rozowsky
SRR16575206	tao
SRRISOLATE_3347	toden
SRR11810014	wei
X12946	chalasani
SRR14506842	chen
RNA020185_S188	decruyenaere
SRR8492699	ibarra_plasma_cancer
SRR8492731	ibarra_serum
SRR17333325	moufarrej_site_1
SRR17333270	moufarrej_site_2
SRR4422144	rozowsky
SRR16575258	tao
SRRISOLATE_3356	toden
SRR11809983	wei
X12773	chalasani
SRR14506886	chen
RNA020018_S47	decruyenaere
SRR8492668	ibarra_plasma_cancer
SRR8492800	ibarra_serum
SRR17333066	moufarrej_site_1
SRR17333205	moufarrej_site_2
SRR4421631	rozowsky
SRR16575236	tao
SRRISOLATE_2518	toden
SRR11810030	wei
X12803	chalasani
SRR14506867	chen
RNA020110_S116	decruyenaere
SRR8492656	ibarra_plasma_cancer
SRR8492632	ibarra_serum
SRR17333052	moufarrej_site_1
SRR17333192	moufarrej_site_2
SRR4422339	rozowsky
SRR16575155	tao
SRRISOLATE_3246	toden
SRR11810069	wei
X12950	chalasani
SRR14506810	chen
RNA020147_S152	decruyenaere
SRR8492761	ibarra_plasma_cancer
SRR8492765	ibarra_serum
SRR17333386	moufarrej_site_1
SRR17333250	moufarrej_site_2
SRR4421337	rozowsky
SRR16575185	tao
SRRISOLATE_11266	toden
SRR11810021	wei
X13016	chalasani
SRR14506730	chen
RNA020090_S106	decruyenaere
SRR8492709	ibarra_plasma_cancer
SRR8492809	ibarra_serum
SRR17333184	moufarrej_site_1
SRR17333264	moufarrej_site_2
SRR4421945	rozowsky
SRR16575253	tao
SRRISOLATE_1850	toden
SRR11810017	wei
X13015	chalasani
SRR14506811	chen
RNA020143_S148	decruyenaere
SRR8492678	ibarra_plasma_cancer
SRR8492799	ibarra_serum
SRR17333137	moufarrej_site_1
SRR17332996	moufarrej_site_2
SRR4421916	rozowsky
SRR16575161	tao
SRRISOLATE_11254	toden
X12858	chalasani
SRR14506818	chen
RNA020151_S156	decruyenaere
SRR8492826	ibarra_plasma_cancer
SRR8492659	ibarra_serum
SRR17333387	moufarrej_site_1
SRR17333246	moufarrej_site_2
SRR4421545	rozowsky
SRR16575160	tao
SRRISOLATE_2500	toden
X13120	chalasani
SRR14506823	chen
RNA020002_S34	decruyenaere
SRR8492787	ibarra_plasma_cancer
SRR8492633	ibarra_serum
SRR17333295	moufarrej_site_1
SRR17333189	moufarrej_site_2
SRR4421642	rozowsky
SRR16575180	tao
SRRISOLATE_2554	toden
X12977	chalasani
SRR14506779	chen
RNA020156_S161	decruyenaere
SRR8492651	ibarra_plasma_cancer
SRR8492801	ibarra_serum
SRR17333144	moufarrej_site_1
SRR17333237	moufarrej_site_2
SRR4421927	rozowsky
SRR16575261	tao
SRRISOLATE_3240	toden
X12819	chalasani
SRR14506723	chen
RNA019990_S23	decruyenaere
SRR8492760	ibarra_plasma_cancer
SRR8492688	ibarra_serum
SRR17333313	moufarrej_site_1
SRR17333248	moufarrej_site_2
SRR4422158	rozowsky
SRR16575233	tao
SRRISOLATE_11214	toden
X13110	chalasani
SRR14506688	chen
RNA020148_S153	decruyenaere
SRR8492665	ibarra_plasma_cancer
SRR8492798	ibarra_serum
SRR17333223	moufarrej_site_1
SRR17333247	moufarrej_site_2
SRR4421874	rozowsky
SRR16575223	tao
SRRISOLATE_11262	toden
X12997	chalasani
SRR14506741	chen
RNA020089_S105	decruyenaere
SRR8492684	ibarra_plasma_cancer
SRR8492694	ibarra_serum
SRR17333381	moufarrej_site_1
SRR17333245	moufarrej_site_2
SRR4422445	rozowsky
SRR16575250	tao
SRRISOLATE_1906	toden
X13033	chalasani
SRR14506672	chen
RNA019970_S3	decruyenaere
SRR8492733	ibarra_plasma_cancer
SRR8492695	ibarra_serum
SRR17333391	moufarrej_site_1
SRR4422345	rozowsky
SRR16575260	tao
SRRISOLATE_11294	toden
X13040	chalasani
SRR14506748	chen
RNA020158_S163	decruyenaere
SRR8492671	ibarra_plasma_cancer
SRR17333230	moufarrej_site_1
SRR4421791	rozowsky
SRR16575188	tao
SRRISOLATE_2579	toden
X12777	chalasani
SRR14506788	chen
RNA020135_S140	decruyenaere
SRR8492711	ibarra_plasma_cancer
SRR17333308	moufarrej_site_1
SRR4421875	rozowsky
SRR16575255	tao
SRRISOLATE_2515	toden
X12802	chalasani
SRR14506809	chen
RNA019996_S28	decruyenaere
SRR8492680	ibarra_plasma_cancer
SRR17333026	moufarrej_site_1
SRR4421640	rozowsky
SRR16575152	tao
SRRISOLATE_5661	toden
X12929	chalasani
SRR14506803	chen
RNA020160_S165	decruyenaere
SRR8492654	ibarra_plasma_cancer
SRR17333109	moufarrej_site_1
SRR4421679	rozowsky
SRR16575248	tao
SRRISOLATE_5655	toden
X12975	chalasani
SRR14506765	chen
RNA020139_S144	decruyenaere
SRR8492663	ibarra_plasma_cancer
SRR17333385	moufarrej_site_1
SRR4422517	rozowsky
SRR16575204	tao
SRRISOLATE_3295	toden
X12835	chalasani
SRR14506822	chen
RNA020166_S171	decruyenaere
SRR8492677	ibarra_plasma_cancer
SRR17333373	moufarrej_site_1
SRR4422107	rozowsky
SRR16575238	tao
SRRISOLATE_5645	toden
X13034	chalasani
SRR14506752	chen
RNA020146_S151	decruyenaere
SRR8492667	ibarra_plasma_cancer
SRR17333061	moufarrej_site_1
SRR4422057	rozowsky
SRR16575215	tao
SRRISOLATE_1938	toden
X13092	chalasani
SRR14506721	chen
RNA020101_S110	decruyenaere
SRR8492744	ibarra_plasma_cancer
SRR17333285	moufarrej_site_1
SRR4421792	rozowsky
SRR16575203	tao
SRRISOLATE_1904	toden
X12795	chalasani
SRR14506800	chen
RNA020084_S101	decruyenaere
SRR8492782	ibarra_plasma_cancer
SRR17333057	moufarrej_site_1
SRR4422516	rozowsky
SRR16575166	tao
SRRISOLATE_5702	toden
X12934	chalasani
SRR14506777	chen
RNA020045_S71	decruyenaere
SRR8492703	ibarra_plasma_cancer
SRR17333116	moufarrej_site_1
SRR4422613	rozowsky
SRR16575184	tao
SRRISOLATE_17943	toden
X12942	chalasani
SRR14506821	chen
RNA020150_S155	decruyenaere
SRR17333314	moufarrej_site_1
SRR4422372	rozowsky
SRR16575243	tao
SRRISOLATE_11246	toden
X12908	chalasani
SRR14506749	chen
RNA020177_S180	decruyenaere
SRR17333300	moufarrej_site_1
SRR4422614	rozowsky
SRR16575154	tao
SRRISOLATE_2503	toden
X12951	chalasani
SRR14506880	chen
RNA020162_S167	decruyenaere
SRR17333206	moufarrej_site_1
SRR4422371	rozowsky
SRR16575242	tao
SRRISOLATE_11314	toden
X13013	chalasani
SRR14506885	chen
RNA020157_S162	decruyenaere
SRR17333084	moufarrej_site_1
SRR16575187	tao
SRRISOLATE_5647	toden
X14919	chalasani
SRR14506879	chen
RNA020043_S69	decruyenaere
SRR17333302	moufarrej_site_1
SRR16575199	tao
SRRISOLATE_1956	toden
X12925	chalasani
SRR14506796	chen
RNA020154_S159	decruyenaere
SRR17333389	moufarrej_site_1
SRR16575218	tao
SRRISOLATE_3335	toden
X13000	chalasani
SRR14506764	chen
RNA020001_S33	decruyenaere
SRR17333033	moufarrej_site_1
SRR16575257	tao
SRRISOLATE_11206	toden
X14918	chalasani
SRR14506718	chen
RNA019982_S15	decruyenaere
SRR17333322	moufarrej_site_1
SRR16575145	tao
SRRISOLATE_3350	toden
X12800	chalasani
SRR14506863	chen
RNA020097_S109	decruyenaere
SRR17333062	moufarrej_site_1
SRR16575240	tao
SRRISOLATE_2567	toden
X12922	chalasani
SRR14506785	chen
RNA020178_S181	decruyenaere
SRR17333148	moufarrej_site_1
SRR16575262	tao
SRRISOLATE_3237	toden
X14870	chalasani
SRR14506832	chen
RNA020041_S67	decruyenaere
SRR17333356	moufarrej_site_1
SRR16575182	tao
SRRISOLATE_5669	toden
X12956	chalasani
SRR14506795	chen
RNA020038_S65	decruyenaere
SRR17333382	moufarrej_site_1
SRR16575186	tao
SRRISOLATE_2519	toden
X12959	chalasani
SRR14506758	chen
RNA020144_S149	decruyenaere
SRR17333038	moufarrej_site_1
SRR16575153	tao
SRRISOLATE_17930	toden
X12963	chalasani
SRR14506732	chen
RNA020140_S145	decruyenaere
SRR17333034	moufarrej_site_1
SRR16575189	tao
SRRISOLATE_2522	toden
X12914	chalasani
SRR14506780	chen
RNA020033_S61	decruyenaere
SRR17333301	moufarrej_site_1
SRR16575164	tao
SRRISOLATE_1908	toden
X12976	chalasani
SRR14506771	chen
RNA020179_S182	decruyenaere
SRR17333090	moufarrej_site_1
SRR16575156	tao
SRRISOLATE_17928	toden
X10663	chalasani
SRR14506839	chen
RNA019971_S4	decruyenaere
SRR17333016	moufarrej_site_1
SRR16575234	tao
SRRISOLATE_2562	toden
X12932	chalasani
SRR14506738	chen
RNA019991_S24	decruyenaere
SRR17333358	moufarrej_site_1
SRR16575231	tao
SRRISOLATE_11386	toden
X14920	chalasani
SRR14506677	chen
RNA020079_S98	decruyenaere
SRR17333315	moufarrej_site_1
SRR16575163	tao
SRRISOLATE_2578	toden
X13005	chalasani
SRR14506784	chen
RNA020145_S150	decruyenaere
SRR17333117	moufarrej_site_1
SRR16575157	tao
SRRISOLATE_5650	toden
X12987	chalasani
SRR14506713	chen
RNA020046_S72	decruyenaere
SRR17333331	moufarrej_site_1
SRR16575150	tao
SRRISOLATE_2541	toden
X14868	chalasani
SRR14506763	chen
RNA020036_S63	decruyenaere
SRR17333319	moufarrej_site_1
SRR16575222	tao
SRRISOLATE_17926	toden
X13037	chalasani
SRR14506793	chen
RNA020069_S89	decruyenaere
SRR17333071	moufarrej_site_1
SRR16575254	tao
SRRISOLATE_1900	toden
X12972	chalasani
SRR14506798	chen
RNA020024_S53	decruyenaere
SRR17333147	moufarrej_site_1
SRR16575149	tao
SRRISOLATE_1890	toden
X10772	chalasani
SRR14506682	chen
RNA019985_S18	decruyenaere
SRR17333311	moufarrej_site_1
SRR16575219	tao
SRRISOLATE_1928	toden
X12900	chalasani
SRR14506697	chen
RNA020137_S142	decruyenaere
SRR17333241	moufarrej_site_1
SRR16575165	tao
SRRISOLATE_2572	toden
X12885	chalasani
SRR14506772	chen
RNA020104_S112	decruyenaere
SRR17332997	moufarrej_site_1
SRR16575144	tao
SRRISOLATE_1926	toden
X14872	chalasani
SRR14506799	chen
RNA020141_S146	decruyenaere
SRR17333309	moufarrej_site_1
SRR16575179	tao
SRRISOLATE_2529	toden
X12998	chalasani
SRR14506686	chen
RNA019972_S5	decruyenaere
SRR17333058	moufarrej_site_1
SRR16575151	tao
SRRISOLATE_5673	toden
X12892	chalasani
SRR14506707	chen
RNA020174_S177	decruyenaere
SRR17333228	moufarrej_site_1
SRR16575259	tao
SRRISOLATE_2498	toden
X14908	chalasani
SRR14506680	chen
RNA019987_S20	decruyenaere
SRR17333015	moufarrej_site_1
SRRISOLATE_2521	toden
X13029	chalasani
SRR14506816	chen
RNA020042_S68	decruyenaere
SRR17333394	moufarrej_site_1
SRRISOLATE_3267	toden
X14909	chalasani
SRR14506696	chen
RNA020182_S185	decruyenaere
SRR17333286	moufarrej_site_1
SRRISOLATE_2516	toden
X12785	chalasani
SRR14506773	chen
RNA019988_S21	decruyenaere
SRR17333361	moufarrej_site_1
SRRISOLATE_5664	toden
X12969	chalasani
SRR14506760	chen
RNA020071_S91	decruyenaere
SRR17333054	moufarrej_site_1
SRRISOLATE_11414	toden
X13041	chalasani
SRR14506736	chen
RNA019979_S12	decruyenaere
SRR17333017	moufarrej_site_1
SRRISOLATE_2536	toden
X14871	chalasani
SRR14506761	chen
RNA020035_S62	decruyenaere
SRR17333055	moufarrej_site_1
SRRISOLATE_11334	toden
X10659	chalasani
SRR14506840	chen
RNA020078_S97	decruyenaere
SRR17333307	moufarrej_site_1
SRRISOLATE_11186	toden
X14921	chalasani
SRR14506836	chen
RNA019973_S6	decruyenaere
SRR17333110	moufarrej_site_1
SRRISOLATE_5644	toden
X13039	chalasani
SRR14506722	chen
RNA020037_S64	decruyenaere
SRR17333396	moufarrej_site_1
SRRISOLATE_2497	toden
X10740	chalasani
SRR14506783	chen
RNA020088_S104	decruyenaere
SRR17333287	moufarrej_site_1
SRRISOLATE_2526	toden
X12829	chalasani
SRR14506754	chen
RNA020027_S56	decruyenaere
SRR17333370	moufarrej_site_1
SRRISOLATE_17921	toden
X14904	chalasani
SRR14506701	chen
RNA020138_S143	decruyenaere
SRR17333388	moufarrej_site_1
SRRISOLATE_17929	toden
X2831	chalasani
SRR14506878	chen
RNA019989_S22	decruyenaere
SRR17333321	moufarrej_site_1
SRRISOLATE_11322	toden
X13032	chalasani
SRR14506864	chen
RNA020167_S172	decruyenaere
SRR17333233	moufarrej_site_1
SRRISOLATE_3264	toden
X12771	chalasani
SRR14506703	chen
RNA020062_S85	decruyenaere
SRR17333284	moufarrej_site_1
SRRISOLATE_5649	toden
X14906	chalasani
SRR14506726	chen
RNA020132_S137	decruyenaere
SRR17333371	moufarrej_site_1
SRRISOLATE_17944	toden
X12955	chalasani
SRR14506669	chen
RNA020017_S46	decruyenaere
SRR17333122	moufarrej_site_1
SRRISOLATE_3231	toden
X10790	chalasani
SRR14506674	chen
RNA019976_S9	decruyenaere
SRR17333232	moufarrej_site_1
SRRISOLATE_1884	toden
X12889	chalasani
SRR14506714	chen
RNA020155_S160	decruyenaere
SRR17333216	moufarrej_site_1
SRRISOLATE_11242	toden
X10657	chalasani
SRR14506869	chen
RNA019975_S8	decruyenaere
SRR17333282	moufarrej_site_1
SRRISOLATE_5668	toden
X12808	chalasani
SRR14506801	chen
RNA020083_S100	decruyenaere
SRR17333377	moufarrej_site_1
SRRISOLATE_3229	toden
X13022	chalasani
SRR14506679	chen
RNA020118_S124	decruyenaere
SRR17333393	moufarrej_site_1
SRRISOLATE_1817	toden
X14865	chalasani
SRR14506807	chen
RNA020019_S48	decruyenaere
SRR17333369	moufarrej_site_1
SRRISOLATE_3353	toden
X10774	chalasani
SRR14506689	chen
RNA020181_S184	decruyenaere
SRR17333124	moufarrej_site_1
SRRISOLATE_1914	toden
X12945	chalasani
SRR14506774	chen
RNA020085_S102	decruyenaere
SRR17333372	moufarrej_site_1
SRRISOLATE_11190	toden
X12903	chalasani
SRR14506742	chen
RNA020032_S60	decruyenaere
SRR17333064	moufarrej_site_1
SRRISOLATE_17942	toden
X13019	chalasani
SRR14506681	chen
RNA020180_S183	decruyenaere
SRR17333183	moufarrej_site_1
SRRISOLATE_2558	toden
X14914	chalasani
SRR14506797	chen
RNA020070_S90	decruyenaere
SRR17333151	moufarrej_site_1
SRRISOLATE_2524	toden
X13006	chalasani
SRR14506683	chen
RNA020153_S158	decruyenaere
SRR17333305	moufarrej_site_1
SRRISOLATE_5672	toden
X14862	chalasani
SRR14506690	chen
RNA020039_S66	decruyenaere
SRR17333067	moufarrej_site_1
SRRISOLATE_3223	toden
X12938	chalasani
SRR14506835	chen
RNA020060_S83	decruyenaere
SRR17333149	moufarrej_site_1
SRRISOLATE_11210	toden
X12947	chalasani
SRR14506670	chen
RNA020065_S87	decruyenaere
SRR17333231	moufarrej_site_1
SRRISOLATE_2426	toden
X12944	chalasani
SRR14506838	chen
RNA020093_S107	decruyenaere
SRR17333397	moufarrej_site_1
SRRISOLATE_17923	toden
X14873	chalasani
SRR14506871	chen
RNA020066_S88	decruyenaere
SRR17333357	moufarrej_site_1
SRRISOLATE_2523	toden
X12905	chalasani
SRR14506685	chen
RNA020086_S103	decruyenaere
SRR17333326	moufarrej_site_1
SRRISOLATE_11366	toden
X12978	chalasani
SRR14506705	chen
RNA020061_S84	decruyenaere
SRR17333063	moufarrej_site_1
SRRISOLATE_3260	toden
X14863	chalasani
SRR14506700	chen
RNA020020_S49	decruyenaere
SRR17333323	moufarrej_site_1
SRRISOLATE_1954	toden
X13024	chalasani
SRR14506731	chen
RNA020073_S93	decruyenaere
SRR17333390	moufarrej_site_1
SRRISOLATE_3248	toden
X12968	chalasani
SRR14506709	chen
RNA020075_S95	decruyenaere
SRR17333068	moufarrej_site_1
SRRISOLATE_11398	toden
X12988	chalasani
SRR14506802	chen
RNA020072_S92	decruyenaere
SRR17333366	moufarrej_site_1
SRRISOLATE_2514	toden
X14861	chalasani
SRR14506747	chen
SRR17333355	moufarrej_site_1
SRRISOLATE_1934	toden
X10651	chalasani
SRR14506706	chen
SRR17333229	moufarrej_site_1
SRRISOLATE_2553	toden
X12895	chalasani
SRR14506673	chen
SRR17333014	moufarrej_site_1
SRRISOLATE_5665	toden
X12974	chalasani
SRR14506704	chen
SRR17333134	moufarrej_site_1
SRRISOLATE_2576	toden
X12783	chalasani
SRR14506833	chen
SRR17333252	moufarrej_site_1
SRRISOLATE_3362	toden
X12824	chalasani
SRR14506715	chen
SRR17333136	moufarrej_site_1
SRRISOLATE_11362	toden
X12786	chalasani
SRR14506804	chen
SRR17333156	moufarrej_site_1
SRRISOLATE_11370	toden
X12799	chalasani
SRR14506676	chen
SRR17333288	moufarrej_site_1
SRRISOLATE_5657	toden
X12936	chalasani
SRR14506814	chen
SRR17333332	moufarrej_site_1
SRRISOLATE_17931	toden
X13018	chalasani
SRR14506831	chen
SRR17333125	moufarrej_site_1
SRRISOLATE_3364	toden
X12788	chalasani
SRR14506753	chen
SRR17333289	moufarrej_site_1
SRRISOLATE_3272	toden
X12901	chalasani
SRR14506820	chen
SRR17333060	moufarrej_site_1
SRRISOLATE_5666	toden
X13126	chalasani
SRR14506720	chen
SRR17333359	moufarrej_site_1
SRRISOLATE_3257	toden
X12961	chalasani
SRR14506675	chen
SRR17333312	moufarrej_site_1
SRRISOLATE_2531	toden
X12911	chalasani
SRR14506769	chen
SRR17333336	moufarrej_site_1
SRRISOLATE_3368	toden
X12891	chalasani
SRR14506778	chen
SRR17333059	moufarrej_site_1
SRRISOLATE_5706	toden
X12807	chalasani
SRR14506792	chen
SRR17333210	moufarrej_site_1
SRRISOLATE_11250	toden
X12970	chalasani
SRR14506671	chen
SRR17333065	moufarrej_site_1
SRRISOLATE_1950	toden
X13011	chalasani
SRR14506756	chen
SRR17333227	moufarrej_site_1
SRRISOLATE_11394	toden
X12804	chalasani
SRR14506770	chen
SRR17333101	moufarrej_site_1
SRRISOLATE_2520	toden
X12917	chalasani
SRR14506768	chen
SRR17333152	moufarrej_site_1
SRRISOLATE_2564	toden
X12915	chalasani
SRR14506841	chen
SRR17333330	moufarrej_site_1
SRRISOLATE_11342	toden
X12897	chalasani
SRR14506776	chen
SRR17333121	moufarrej_site_1
SRRISOLATE_17906	toden
X12907	chalasani
SRR14506888	chen
SRR17333290	moufarrej_site_1
SRRISOLATE_5652	toden
X10792	chalasani
SRR14506743	chen
SRR17333333	moufarrej_site_1
SRRISOLATE_1948	toden
X12898	chalasani
SRR14506861	chen
SRR17333053	moufarrej_site_1
SRRISOLATE_5653	toden
X12921	chalasani
SRR14506781	chen
SRR17333195	moufarrej_site_1
SRRISOLATE_1932	toden
X12772	chalasani
SRR14506693	chen
SRR17333159	moufarrej_site_1
SRRISOLATE_2561	toden
X12964	chalasani
SRR14506746	chen
SRR17333362	moufarrej_site_1
SRRISOLATE_3371	toden
X12797	chalasani
SRR14506711	chen
SRR17333099	moufarrej_site_1
SRRISOLATE_5658	toden
X12920	chalasani
SRR14506817	chen
SRR17333213	moufarrej_site_1
SRRISOLATE_2525	toden
X12894	chalasani
SRR14506862	chen
SRR17333212	moufarrej_site_1
SRRISOLATE_2549	toden
X12776	chalasani
SRR14506787	chen
SRR17333131	moufarrej_site_1
SRRISOLATE_5656	toden
X13042	chalasani
SRR14506812	chen
SRR17333133	moufarrej_site_1
SRRISOLATE_2557	toden
X12927	chalasani
SRR14506837	chen
SRR17333115	moufarrej_site_1
SRRISOLATE_11378	toden
X12979	chalasani
SRR14506740	chen
SRR17333226	moufarrej_site_1
SRRISOLATE_1942	toden
X12906	chalasani
SRR14506767	chen
SRR17333135	moufarrej_site_1
SRRISOLATE_11274	toden
X12798	chalasani
SRR14506668	chen
SRR17333123	moufarrej_site_1
SRRISOLATE_1924	toden
X12846	chalasani
SRR14506834	chen
SRR17333132	moufarrej_site_1
SRRISOLATE_5660	toden
X14867	chalasani
SRR14506757	chen
SRR17333130	moufarrej_site_1
SRRISOLATE_11286	toden
X13030	chalasani
SRR14506708	chen
SRR17333095	moufarrej_site_1
SRRISOLATE_2535	toden
X12954	chalasani
SRR14506830	chen
SRR17333263	moufarrej_site_1
SRRISOLATE_2550	toden
X12909	chalasani
SRR14506745	chen
SRR17333049	moufarrej_site_1
SRRISOLATE_3226	toden
X12948	chalasani
SRR14506766	chen
SRR17333120	moufarrej_site_1
SRRISOLATE_2568	toden
X12893	chalasani
SRR14506873	chen
SRR17333274	moufarrej_site_1
SRRISOLATE_11306	toden
X10782	chalasani
SRR14506759	chen
SRR17333351	moufarrej_site_1
SRRISOLATE_2532	toden
X12883	chalasani
SRR14506733	chen
SRR17333219	moufarrej_site_1
SRRISOLATE_11234	toden
X12941	chalasani
SRR14506887	chen
SRR17333070	moufarrej_site_1
SRRISOLATE_3227	toden
X10758	chalasani
SRR14506775	chen
SRR17333114	moufarrej_site_1
SRRISOLATE_2502	toden
X12937	chalasani
SRR14506874	chen
SRR17333153	moufarrej_site_1
SRRISOLATE_1854	toden
X12886	chalasani
SRR14506739	chen
SRR17333129	moufarrej_site_1
SRRISOLATE_1821	toden
X12967	chalasani
SRR14506790	chen
SRR17333343	moufarrej_site_1
SRRISOLATE_1818	toden
X12973	chalasani
SRR14506870	chen
SRR17333214	moufarrej_site_1
SRRISOLATE_11390	toden
X12779	chalasani
SRR14506699	chen
SRR17333160	moufarrej_site_1
SRRISOLATE_1896	toden
X12841	chalasani
SRR14506786	chen
SRR17333100	moufarrej_site_1
SRRISOLATE_11182	toden
X12926	chalasani
SRR14506734	chen
SRR17333091	moufarrej_site_1
SRRISOLATE_3228	toden
X12913	chalasani
SRR14506737	chen
SRR17333337	moufarrej_site_1
SRRISOLATE_1922	toden
X12768	chalasani
SRR14506827	chen
SRR17333155	moufarrej_site_1
SRRISOLATE_2499	toden
X12789	chalasani
SRR14506716	chen
SRR17333072	moufarrej_site_1
SRRISOLATE_11282	toden
X12790	chalasani
SRR14506735	chen
SRR17333374	moufarrej_site_1
SRRISOLATE_1916	toden
X12787	chalasani
SRR14506762	chen
SRR17333106	moufarrej_site_1
SRRISOLATE_11302	toden
X10778	chalasani
SRR14506712	chen
SRR17333094	moufarrej_site_1
SRRISOLATE_11406	toden
X14864	chalasani
SRR17333093	moufarrej_site_1
SRRISOLATE_1912	toden
X12939	chalasani
SRR17333360	moufarrej_site_1
SRRISOLATE_1936	toden
X14866	chalasani
SRR17333158	moufarrej_site_1
SRRISOLATE_11270	toden
X12780	chalasani
SRR17333365	moufarrej_site_1
SRRISOLATE_11326	toden
X12931	chalasani
SRR17333118	moufarrej_site_1
SRRISOLATE_17924	toden
X12933	chalasani
SRR17333352	moufarrej_site_1
SRRISOLATE_11402	toden
X12784	chalasani
SRR17333335	moufarrej_site_1
SRRISOLATE_17925	toden
X12958	chalasani
SRR17333375	moufarrej_site_1
SRRISOLATE_11318	toden
X12888	chalasani
SRR17333157	moufarrej_site_1
SRRISOLATE_11278	toden
X12924	chalasani
SRR17333105	moufarrej_site_1
SRRISOLATE_17932	toden
X12884	chalasani
SRR17333342	moufarrej_site_1
SRRISOLATE_2542	toden
X12793	chalasani
SRR17333368	moufarrej_site_1
SRRISOLATE_11410	toden
X12794	chalasani
SRR17333073	moufarrej_site_1
SRRISOLATE_11374	toden
X10730	chalasani
SRR17333092	moufarrej_site_1
X12943	chalasani
SRR17333363	moufarrej_site_1
X12928	chalasani
SRR17333364	moufarrej_site_1
X12890	chalasani
SRR17333127	moufarrej_site_1
X12775	chalasani
SRR17333367	moufarrej_site_1
X12796	chalasani
SRR17333211	moufarrej_site_1
X12792	chalasani
SRR17333154	moufarrej_site_1
SRR17333317	moufarrej_site_1
SRR17333341	moufarrej_site_1
SRR17333008	moufarrej_site_1
SRR17333353	moufarrej_site_1
SRR17333097	moufarrej_site_1
SRR17333384	moufarrej_site_1
SRR17333354	moufarrej_site_1
SRR17333103	moufarrej_site_1
SRR17333128	moufarrej_site_1
SRR17333076	moufarrej_site_1
SRR17333111	moufarrej_site_1
SRR17333350	moufarrej_site_1
SRR17333340	moufarrej_site_1
SRR17333217	moufarrej_site_1
SRR17333126	moufarrej_site_1
SRR17333338	moufarrej_site_1
SRR17333096	moufarrej_site_1
SRR17333349	moufarrej_site_1
SRR17333334	moufarrej_site_1
SRR17333102	moufarrej_site_1
SRR17333376	moufarrej_site_1
SRR17333339	moufarrej_site_1
SRR17333344	moufarrej_site_1
SRR17333027	moufarrej_site_1
SRR17333328	moufarrej_site_1
SRR17333283	moufarrej_site_1
SRR17333104	moufarrej_site_1
SRR17333056	moufarrej_site_1
SRR17333113	moufarrej_site_1
SRR17333075	moufarrej_site_1
SRR17333346	moufarrej_site_1
SRR17333107	moufarrej_site_1
SRR17333098	moufarrej_site_1
SRR17333395	moufarrej_site_1
SRR17333069	moufarrej_site_1
SRR17333347	moufarrej_site_1
SRR17333345	moufarrej_site_1
SRR17333348	moufarrej_site_1
SRR17333140	moufarrej_site_1
SRR17333306	moufarrej_site_1
SRR17333078	moufarrej_site_1
SRR17333215	moufarrej_site_1
SRR17333112	moufarrej_site_1
SRR17333081	moufarrej_site_1
SRR17333294	moufarrej_site_1
SRR17333077	moufarrej_site_1
SRR17333074	moufarrej_site_1
